name,specialty,Mobile No.,experience
Amit Jain,Pediatrician,+91 6064421589,32
Sneha Gupta,Nephrologist,+91 7267028281,11
Sunita Mehta,Orthopedic Surgeon,+91 9084137402,22
Anjali Yadav,Radiologist,+91 9184026972,6
Sunita Jain,Endocrinologist,+91 7543987940,5
Sunita Singh,ENT Specialist,+91 9871144432,9
Rahul Patel,Orthopedic Surgeon,+91 9702319265,24
Vikram Singh,Allergist,+91 8734414076,26
Anjali Patel,Allergist,+91 7995445785,16
Priya Jain,Allergist,+91 6525448667,9
Vikram Sharma,Anesthesiologist,+91 8232301741,8
Sunita Gupta,Ophthalmologist,+91 6143718454,17
Anjali Gupta,Radiologist,+91 9535035090,13
Rajesh Singh,Urologist,+91 8686595082,37
Sneha Kapoor,Orthopedic Surgeon,+91 9319705104,22
Rajesh Yadav,Orthopedic Surgeon,+91 8825924568,18
Rahul Yadav,Gynecologist,+91 9411272512,31
Amit Yadav,Pediatrician,+91 8266410654,15
Anjali Mehta,Nephrologist,+91 8545767334,20
Rohan Mehta,General Physician,+91 7525471261,36
Vikram Singh,Allergist,+91 8769416409,22
Sunita Sharma,Nephrologist,+91 9179112050,15
Priya Choudhary,Endocrinologist,+91 7883988989,14
Sneha Patel,Neurologist,+91 8179691809,31
Amit Kapoor,Neurologist,+91 8661593134,26
Amit Kapoor,Radiologist,+91 7590088209,11
Kiran Gupta,Allergist,+91 8233288867,14
Sneha Kapoor,Allergist,+91 8152935530,15
Rohan Gupta,Allergist,+91 6318386393,30
Sunita Kapoor,Cardiologist,+91 9714234331,28
Rohan Kapoor,Rheumatologist,+91 7040679818,25
Anjali Sharma,Dermatologist,+91 7434534087,11
Rajesh Verma,Psychiatrist,+91 9270791247,10
Rahul Choudhary,ENT Specialist,+91 6707007712,10
Anjali Patel,Nephrologist,+91 8578078490,34
Vikram Verma,ENT Specialist,+91 6337749331,11
Sunita Sharma,Anesthesiologist,+91 7908061746,21
Amit Singh,Gastroenterologist,+91 7186314164,2
Vikram Mehta,Anesthesiologist,+91 6047608296,24
Sneha Verma,Neurologist,+91 7708990860,28
Rahul Verma,Psychiatrist,+91 7165801063,31
Priya Mehta,Orthopedic Surgeon,+91 9272917200,25
Sunita Yadav,Radiologist,+91 7031768757,30
Sneha Gupta,Radiologist,+91 8666105785,3
Rohan Singh,Neurologist,+91 9637400378,15
Anjali Gupta,Rheumatologist,+91 9255260720,14
Rajesh Mehta,ENT Specialist,+91 9236089012,5
Rohan Jain,Urologist,+91 8151118232,12
Rohan Gupta,Neurologist,+91 7009816979,16
Kiran Sharma,Rheumatologist,+91 9106002166,12
Priya Patel,Pediatrician,+91 8660145695,14
Rahul Sharma,Endocrinologist,+91 9610556462,12
Kiran Mehta,Psychiatrist,+91 8804011175,3
Vikram Sharma,Oncologist,+91 6222170573,34
Rajesh Patel,Rheumatologist,+91 9111330096,18
Rahul Kapoor,Gastroenterologist,+91 9633884717,16
Kiran Sharma,Orthopedic Surgeon,+91 7224935007,40
Anjali Gupta,Orthopedic Surgeon,+91 7182435609,24
Anjali Gupta,Radiologist,+91 6637190517,15
Rohan Patel,Pediatrician,+91 8708341609,29
Priya Mehta,General Physician,+91 8975769654,20
Rohan Kapoor,Pulmonologist,+91 8047249361,21
Anjali Patel,Urologist,+91 6525812323,30
Sunita Verma,Pulmonologist,+91 8212222405,34
Rahul Kapoor,Anesthesiologist,+91 6452569357,28
Sneha Gupta,ENT Specialist,+91 8760934920,38
Rohan Singh,Anesthesiologist,+91 6203051674,6
Sunita Singh,General Physician,+91 8316682671,11
Rajesh Kapoor,Rheumatologist,+91 7595077980,38
Kiran Singh,Allergist,+91 9058504512,23
Rajesh Verma,Urologist,+91 7026062655,6
Sneha Gupta,General Physician,+91 8254261343,22
Rahul Jain,Orthopedic Surgeon,+91 7674226196,13
Rahul Jain,Pulmonologist,+91 7103957577,37
Priya Patel,Neurologist,+91 7453916069,11
Vikram Patel,Oncologist,+91 9662710149,23
Anjali Gupta,Rheumatologist,+91 6150722835,8
Rahul Verma,Pulmonologist,+91 7994459244,25
Sneha Patel,Gastroenterologist,+91 7058020681,11
Rahul Jain,Pediatrician,+91 9698436946,6
Kiran Singh,Rheumatologist,+91 8675439492,32
Priya Singh,Ophthalmologist,+91 8091258063,21
Sneha Yadav,Ophthalmologist,+91 9934578588,6
Sunita Jain,Psychiatrist,+91 6163899842,16
Anjali Mehta,Allergist,+91 7828821508,17
Priya Choudhary,Orthopedic Surgeon,+91 6898885835,28
Rajesh Singh,Urologist,+91 6079583653,34
Sneha Gupta,Cardiologist,+91 8420046179,40
Anjali Kapoor,Anesthesiologist,+91 9877163563,27
Sunita Gupta,Nephrologist,+91 6083245093,30
Kiran Sharma,Rheumatologist,+91 6385139889,12
Rajesh Kapoor,Dermatologist,+91 6887672885,33
Rahul Singh,Pulmonologist,+91 8478059063,21
Rahul Kapoor,Ophthalmologist,+91 6946665824,28
Amit Mehta,Radiologist,+91 6232823869,33
Vikram Kapoor,Orthopedic Surgeon,+91 7287353145,22
Vikram Mehta,Dermatologist,+91 9661203124,27
Sunita Kapoor,Neurologist,+91 6833147955,38
Rohan Jain,Pediatrician,+91 8957903241,26
Rajesh Kapoor,Urologist,+91 8358983201,11
Vikram Gupta,Cardiologist,+91 6526242885,37
Amit Yadav,Rheumatologist,+91 7786244446,1
Kiran Verma,Radiologist,+91 7130724789,4
Priya Sharma,Gynecologist,+91 8513224869,11
Sunita Singh,General Physician,+91 9979092602,18
Sneha Kapoor,Dermatologist,+91 9317666847,31
Rohan Yadav,Endocrinologist,+91 6806458582,40
Vikram Yadav,Radiologist,+91 6348794514,18
Kiran Verma,Neurologist,+91 9177284545,21
Rajesh Yadav,Oncologist,+91 6247445469,15
Sunita Choudhary,Allergist,+91 8811251233,9
Sunita Singh,Nephrologist,+91 7794834337,6
Rahul Kapoor,General Physician,+91 8659206481,18
Rahul Patel,Neurologist,+91 7202810091,8
Sunita Patel,Radiologist,+91 6150710353,11
Kiran Patel,Nephrologist,+91 7249649384,34
Rajesh Mehta,Psychiatrist,+91 9478848333,28
Rohan Choudhary,ENT Specialist,+91 7975540050,33
Amit Mehta,Radiologist,+91 6751818377,3
Rahul Kapoor,Neurologist,+91 6602260127,13
Sunita Jain,General Physician,+91 8940838516,37
Sneha Choudhary,Anesthesiologist,+91 7081791478,16
Amit Sharma,Rheumatologist,+91 9268164792,35
Sunita Jain,Gynecologist,+91 6210432985,29
Vikram Singh,Nephrologist,+91 9068320279,11
Priya Jain,Urologist,+91 7920399567,25
Amit Yadav,Psychiatrist,+91 9930792018,35
Sneha Sharma,Nephrologist,+91 9644604089,13
Rajesh Sharma,Ophthalmologist,+91 6802398426,32
Sunita Mehta,Rheumatologist,+91 8292357479,16
Priya Patel,Orthopedic Surgeon,+91 7571362375,12
Sunita Choudhary,Ophthalmologist,+91 9512472697,30
Rohan Singh,Gynecologist,+91 7827629498,27
Vikram Singh,General Physician,+91 9851463257,19
Anjali Yadav,Anesthesiologist,+91 8233065489,29
Vikram Choudhary,Orthopedic Surgeon,+91 8844273043,2
Kiran Kapoor,Urologist,+91 8367988194,8
Sneha Gupta,Nephrologist,+91 6591543913,30
Amit Yadav,General Physician,+91 9177176678,31
Sneha Gupta,Pulmonologist,+91 7605971615,12
Rahul Mehta,Gynecologist,+91 8557179104,6
Vikram Jain,Gynecologist,+91 8581031853,5
Anjali Yadav,General Physician,+91 8416917831,29
Kiran Sharma,Pediatrician,+91 6025117826,36
Kiran Jain,Oncologist,+91 8144174595,34
Priya Kapoor,Radiologist,+91 6644670444,30
Rahul Yadav,Gynecologist,+91 8224578540,36
Kiran Jain,Ophthalmologist,+91 7762233965,6
Anjali Gupta,Dermatologist,+91 8684930760,10
Rahul Sharma,Endocrinologist,+91 6933531449,25
Priya Kapoor,ENT Specialist,+91 6488787916,2
Sunita Mehta,Radiologist,+91 9016181314,36
Rahul Choudhary,Orthopedic Surgeon,+91 7198749327,28
Sunita Sharma,Ophthalmologist,+91 6336980317,31
Sunita Verma,Urologist,+91 7775283186,4
Priya Kapoor,Dermatologist,+91 6575900978,5
Rajesh Patel,Nephrologist,+91 7592089280,20
Kiran Kapoor,Urologist,+91 8517633985,26
Sunita Gupta,Pediatrician,+91 6239110090,27
Priya Yadav,Cardiologist,+91 6372997193,22
Rajesh Sharma,Nephrologist,+91 7217919211,33
Vikram Kapoor,Radiologist,+91 9378554633,29
Anjali Jain,Psychiatrist,+91 8270877986,1
Sneha Gupta,Pulmonologist,+91 8138054352,29
Priya Patel,Pediatrician,+91 6014147074,23
Sunita Yadav,Pediatrician,+91 7517773697,24
Priya Verma,ENT Specialist,+91 9723442288,24
Rahul Choudhary,Rheumatologist,+91 9650413485,14
Rohan Yadav,Anesthesiologist,+91 6169299224,34
Amit Gupta,Psychiatrist,+91 6569973928,1
Rajesh Choudhary,Dermatologist,+91 6068632228,38
Sunita Patel,Pediatrician,+91 6631117977,9
Rohan Mehta,Neurologist,+91 7436626164,33
Sunita Yadav,Anesthesiologist,+91 8012868078,4
Rahul Singh,Dermatologist,+91 7314290800,32
Kiran Singh,Psychiatrist,+91 6348149934,15
Rohan Choudhary,Oncologist,+91 7433120856,9
Vikram Gupta,Cardiologist,+91 7037138137,8
Kiran Sharma,Nephrologist,+91 7755097300,4
Sneha Sharma,Oncologist,+91 9804505017,13
Sunita Singh,Radiologist,+91 8660502092,10
Kiran Sharma,Dermatologist,+91 9391970827,12
Sneha Sharma,Radiologist,+91 8079194255,27
Sneha Yadav,Endocrinologist,+91 8355613290,23
Amit Sharma,Cardiologist,+91 9818078600,10
Kiran Kapoor,Gastroenterologist,+91 6439670707,21
Sunita Yadav,Gastroenterologist,+91 9769737420,36
Sneha Choudhary,Psychiatrist,+91 8271202071,13
Rahul Kapoor,Rheumatologist,+91 9960508710,25
Rahul Kapoor,Pulmonologist,+91 6553197316,28
Rajesh Gupta,Endocrinologist,+91 8075536895,33
Priya Mehta,Gynecologist,+91 9881791602,4
Sunita Verma,Gynecologist,+91 6828682397,33
Rahul Choudhary,Neurologist,+91 8611739421,33
Kiran Choudhary,General Physician,+91 7991127535,24
Sunita Sharma,Psychiatrist,+91 8939170595,29
Rajesh Choudhary,Radiologist,+91 7391737213,28
Sneha Jain,Urologist,+91 9793489268,11
Sneha Gupta,Endocrinologist,+91 7002509367,21
Priya Choudhary,Gynecologist,+91 9233320483,24
Md Rahmat,Hepatologist,8789946676,0
